"id","last_name","first_name","patronymic","e-mail","phone"
"110001","Андреев","Николай","Валерьевич","venaz_oyojo3@alfabank.ru","7 (917) 408-24-05"
"110002","Карасев","Максим","Егорович","zoduvon-ofe57@alfabank.ru","7 (926) 352-82-29"
"110003","Смирнова","Милана","Максимовна","cuvom_awive11@alfabank.ru","7 (912) 899-67-12"
"110004","Игнатова","Варвара","Тимофеевна","mucaw-ehuye79@alfabank.ru","7 (964) 020-82-67"
"110005","Романов","Марк","Николаевич","veboko_dawo99@alfabank.ru","7 (991) 546-42-30"
"110006","Цветкова","Любовь","Андреевна","safi-tokava15@alfabank.ru","7 (900) 309-50-42"
"110007","Макаров","Иван","Ильич","yanaw-ilaye69@alfabank.ru","7 (933) 633-60-14"
"110008","Федоров","Максим","Олегович","hew_irokoyu26@alfabank.ru","7 (905) 203-90-35"
"110009","Леонтьева","Дарина","Игоревна","gubeh_enowa26@alfabank.ru","7 (938) 924-60-31"
"110010","Богомолов","Артём","Кириллович","kecogu-zopu54@alfabank.ru","7 (963) 308-54-51"
"110011","Петров","Андрей","Павлович","tekoza-bivu65@alfabank.ru","7 (995) 470-35-44"
"110012","Александров","Артём","Миронович","yina-lusoxo14@alfabank.ru","7 (984) 086-69-85"
"110013","Иванов","Максим","Кириллович","rawihi-yohi84@alfabank.ru","7 (901) 283-33-57"
"110014","Лебедева","Мария","Константиновна","palubem-uka96@alfabank.ru","7 (913) 736-30-58"
"110015","Дьяконов","Дмитрий","Александрович","hafi_zinogo8@alfabank.ru","7 (902) 773-91-80"
"110016","Карпова","Виктория","Львовна","bozezah-etu32@alfabank.ru","7 (956) 839-20-17"
"110017","Румянцев","Иван","Елисеевич","jobe-gexuti22@alfabank.ru","7 (960) 432-93-30"
"110018","Зверева","Дарья","Алиевна","yededi_mema4@alfabank.ru","7 (963) 676-88-01"
"110019","Тимофеева","Евгения","Артёмовна","joxiro_muma5@alfabank.ru","7 (929) 254-73-52"
"110020","Белоусова","Василиса","Тимуровна","yiz_owufaba37@alfabank.ru","7 (934) 554-28-37"
"110021","Петров","Георгий","Дмитриевич","mojugom-ono33@alfabank.ru","7 (968) 501-69-49"
"110022","Кузнецов","Даниил","Алексеевич","zokoy-isepe14@alfabank.ru","7 (980) 532-65-55"
"110023","Абрамова","Амина","Юрьевна","voremaz-ahu94@alfabank.ru","7 (952) 298-73-03"
"110024","Успенская","София","Львовна","cep_abepaji1@alfabank.ru","7 (903) 787-86-69"
"110025","Дементьева","Полина","Матвеевна","futomo_vazi1@alfabank.ru","7 (989) 483-03-02"
"110026","Горбунова","Ульяна","Матвеевна","riniva-newe3@alfabank.ru","7 (903) 085-40-31"
"110027","Калинин","Арсений","Александрович","dig_ahepiju9@alfabank.ru","7 (929) 878-45-99"
"110028","Терехова","Ксения","Марковна","hadu_yopabu31@alfabank.ru","7 (965) 574-65-09"
"110029","Лебедев","Иван","Андреевич","digokab_elu47@alfabank.ru","7 (977) 086-92-33"
"110030","Мартынова","Мария","Александровна","gika-yusigi14@alfabank.ru","7 (950) 127-93-37"
"110031","Родина","Варвара","Максимовна","hozusa-biye5@alfabank.ru","7 (954) 880-37-54"
"110032","Гордеев","Давид","Тимофеевич","pidi_suwofi72@alfabank.ru","7 (908) 521-28-35"
"110033","Рыбаков","Иван","Артёмович","ropem-awiju6@alfabank.ru","7 (938) 841-60-48"
"110034","Степанов","Иван","Дмитриевич","yoma_kukaha1@alfabank.ru","7 (901) 688-34-37"
"110035","Симонов","Матвей","Николаевич","hutevat-ece88@alfabank.ru","7 (968) 031-56-35"
"110036","Парфенов","Анатолий","Маркович","sug_ayonuca4@alfabank.ru","7 (970) 735-13-30"
"110037","Фролова","Полина","Константиновна","dak_aguwoke99@alfabank.ru","7 (920) 751-78-70"
"110038","Павлова","Алиса","Мирославовна","hifekis-ubu65@alfabank.ru","7 (982) 350-84-64"
"110039","Львова","Алиса","Алексеевна","moyey_ifebi10@alfabank.ru","7 (903) 666-26-32"
"110040","Максимова","Зоя","Владимировна","fedogi_tezu49@alfabank.ru","7 (906) 765-72-26"
"110041","Тихомиров","Андрей","Ильич","zov_epatepu5@alfabank.ru","7 (964) 318-49-60"
"110042","Андреев","Михаил","Миронович","pofuniw_ime29@alfabank.ru","7 (911) 797-00-06"
"110043","Сорокина","Василиса","Дмитриевна","teviwo-ruxi64@alfabank.ru","7 (925) 096-84-43"
"110044","Киселева","Марина","Александровна","jaxu_vuguxe4@alfabank.ru","7 (916) 869-10-32"
"110045","Селезнева","Лидия","Александровна","cenicah-anu75@alfabank.ru","7 (970) 535-82-95"
"110046","Грачева","Нина","Кирилловна","gimepel_ilu40@alfabank.ru","7 (908) 853-27-96"
"110047","Виноградова","Алиса","Семёновна","puw-ucuseri15@alfabank.ru","7 (909) 815-19-67"
"110048","Моргунов","Тимофей","Владиславович","kih_eyulavu30@alfabank.ru","7 (961) 082-82-35"
"110049","Сорокин","Кирилл","Ярославович","tegi-voweru5@alfabank.ru","7 (903) 700-59-58"
"110050","Дубровина","Алиса","Марковна","wodod_ezeyu88@alfabank.ru","7 (978) 023-92-62"
"110051","Куприянов","Максим","Андреевич","jojavol-ani68@alfabank.ru","7 (900) 106-81-62"
"110052","Покровский","Фёдор","Андреевич","govido_dare5@alfabank.ru","7 (920) 685-07-88"
"110053","Щеглов","Святослав","Аркадьевич","ralok-ujoga1@alfabank.ru","7 (906) 830-10-97"
"110054","Беляева","Оливия","Максимовна","gakod_apira88@alfabank.ru","7 (966) 784-69-88"
"110055","Кондратьева","Софья","Святославовна","lom-enuwito37@alfabank.ru","7 (983) 059-54-32"
"110056","Максимова","Алисия","Никитична","sagovu_gazu7@alfabank.ru","7 (963) 689-20-08"
"110057","Макарова","Александра","Ивановна","tos-uhabike77@alfabank.ru","7 (912) 086-62-84"
"110058","Морозова","Арина","Денисовна","banivum_iko57@alfabank.ru","7 (925) 164-41-95"
"110059","Матвеев","Тимофей","Кириллович","woro_furapo4@alfabank.ru","7 (964) 287-73-28"
"110060","Воронина","Варвара","Ивановна","nafopo-yine18@alfabank.ru","7 (999) 535-59-39"
"110061","Егорова","Варвара","Леонидовна","fajiwo_sule11@alfabank.ru","7 (994) 326-40-90"
"110062","Щербаков","Юрий","Константинович","vifu_rovoha2@alfabank.ru","7 (914) 148-04-50"
"110063","Ермаков","Семён","Савельевич","ruy_itupami11@alfabank.ru","7 (987) 650-36-07"
"110064","Громов","Артемий","Тимофеевич","towihiw_ede61@alfabank.ru","7 (937) 620-94-22"
"110065","Кузнецов","Али","Кириллович","sapuzor-eye25@alfabank.ru","7 (923) 313-78-74"
"110066","Смирнова","Ульяна","Степановна","dinuk-epezi91@alfabank.ru","7 (968) 562-23-82"
"110067","Малышев","Владимир","Яковлевич","tela_hokeju28@alfabank.ru","7 (920) 207-88-25"
"110068","Рыбакова","Агния","Михайловна","pukux-isewi7@alfabank.ru","7 (932) 467-35-95"
"110069","Шувалова","Мирослава","Ивановна","yoyol-onoha20@alfabank.ru","7 (963) 852-73-77"
"110070","Грибова","Екатерина","Львовна","lej_eluvowo46@alfabank.ru","7 (906) 423-56-59"
"110071","Шестаков","Никита","Данильевич","gan-ovusuli31@alfabank.ru","7 (960) 904-93-32"
"110072","Баранова","Алина","Александровна","zugura-fera52@alfabank.ru","7 (920) 872-70-52"
"110073","Тихонов","Иван","Артёмович","padixu_xifo44@alfabank.ru","7 (992) 135-56-41"
"110074","Ильина","Аделина","Данииловна","xuzam-ehoxi45@alfabank.ru","7 (985) 325-89-49"
"110075","Ермаков","Тимофей","Фёдорович","hoyifur-ana5@alfabank.ru","7 (989) 675-35-79"
"110076","Антонов","Олег","Александрович","hoz_ivegawu61@alfabank.ru","7 (963) 907-73-90"
"110077","Попова","Вера","Львовна","tohi-vunuja38@alfabank.ru","7 (978) 394-17-25"
"110078","Егорова","Василиса","Фёдоровна","xecefed_abu44@alfabank.ru","7 (969) 724-05-66"
"110079","Сергеева","Таисия","Андреевна","velejah-aco16@alfabank.ru","7 (932) 706-01-47"
"110080","Зиновьев","Дмитрий","Максимович","taxow-uzaje81@alfabank.ru","7 (956) 502-24-01"
"110081","Соколов","Виктор","Тимофеевич","xupiz_arawi68@alfabank.ru","7 (982) 291-42-96"
"110082","Кузнецова","Анна","Святославовна","memig_exoji24@alfabank.ru","7 (924) 088-91-60"
"110083","Блинов","Филипп","Тимофеевич","moyeraz_owo28@alfabank.ru","7 (927) 642-09-37"
"110084","Горбачев","Юрий","Семёнович","mifak-ewazu60@alfabank.ru","7 (921) 820-29-20"
"110085","Новиков","Георгий","Тимофеевич","funif_arulu24@alfabank.ru","7 (994) 707-72-40"
"110086","Козин","Андрей","Никитич","nenetag-asi92@alfabank.ru","7 (996) 545-21-12"
"110087","Дмитриев","Артём","Маркович","zel-ekubihe20@alfabank.ru","7 (999) 124-48-59"
"110088","Мартынов","Артемий","Николаевич","vehekar-iki75@alfabank.ru","7 (902) 606-63-86"
"110089","Борисова","Василиса","Ильинична","ceba-coregu94@alfabank.ru","7 (950) 665-34-91"
"110090","Демин","Егор","Тимурович","wuc-ogoxiso51@alfabank.ru","7 (969) 947-94-75"
"110091","Краснова","Анна","Богдановна","supava_nove37@alfabank.ru","7 (916) 662-98-02"
"110092","Завьялов","Дмитрий","Александрович","kiy-upexodo75@alfabank.ru","7 (922) 674-06-17"
"110093","Иванова","Валерия","Александровна","tutunov_ofi50@alfabank.ru","7 (991) 697-84-99"
"110094","Титова","Ксения","Никитична","yoz-umocoto22@alfabank.ru","7 (965) 829-38-76"
"110095","Фадеева","Таисия","Давидовна","buwavo-difa68@alfabank.ru","7 (965) 725-55-80"
"110096","Андреева","Евгения","Артёмовна","gudil-okecu75@alfabank.ru","7 (901) 497-32-75"
"110097","Краснова","Мария","Тимофеевна","hobe_kevono12@alfabank.ru","7 (991) 779-32-49"
"110098","Сорокина","Василиса","Матвеевна","wacuron_eme45@alfabank.ru","7 (933) 468-17-41"
"110099","Воробьева","София","Михайловна","bozak-uwovi2@alfabank.ru","7 (991) 801-25-29"
"110100","Николаева","Татьяна","Львовна","hasu_joneni68@alfabank.ru","7 (988) 634-85-48"
